frame_index,file
0,girl_seq_000.png
4,girl_seq_004.png
8,girl_seq_008.png
12,girl_seq_012.png
16,girl_seq_016.png
20,girl_seq_020.png
24,girl_seq_024.png
28,girl_seq_028.png
32,girl_seq_032.png
36,girl_seq_036.png
40,girl_seq_040.png
44,girl_seq_044.png
48,girl_seq_048.png
52,girl_seq_052.png
56,girl_seq_056.png
60,girl_seq_060.png
64,girl_seq_064.png
68,girl_seq_068.png
72,girl_seq_072.png
76,girl_seq_076.png
80,girl_seq_080.png
84,girl_seq_084.png
88,girl_seq_088.png
92,girl_seq_092.png
96,girl_seq_096.png
100,girl_seq_100.png
104,girl_seq_104.png
108,girl_seq_108.png
112,girl_seq_112.png
116,girl_seq_116.png
120,girl_seq_120.png
124,girl_seq_124.png
128,girl_seq_128.png